mean_fit_time,std_fit_time,mean_score_time,std_score_time,param_colsample_bytree,param_learning_rate,param_max_depth,param_n_estimators,param_subsample,params,split0_test_score,mean_test_score,std_test_score,rank_test_score
9.318326711654663,0.0,0.00807952880859375,0.0,0.7,0.01,3,100,0.7,"{'colsample_bytree': 0.7, 'learning_rate': 0.01, 'max_depth': 3, 'n_estimators': 100, 'subsample': 0.7}",-1147873.5174418604,-1147873.5174418604,0.0,37
8.787269115447998,0.0,0.00805354118347168,0.0,0.7,0.01,3,100,0.8,"{'colsample_bytree': 0.7, 'learning_rate': 0.01, 'max_depth': 3, 'n_estimators': 100, 'subsample': 0.8}",-1162886.8023255814,-1162886.8023255814,0.0,45
7.6729981899261475,0.0,0.007108211517333984,0.0,0.7,0.01,3,100,1.0,"{'colsample_bytree': 0.7, 'learning_rate': 0.01, 'max_depth': 3, 'n_estimators': 100, 'subsample': 1.0}",-1171088.4709302327,-1171088.4709302327,0.0,53
9.350818872451782,0.0,0.02954578399658203,0.0,0.7,0.01,3,200,0.7,"{'colsample_bytree': 0.7, 'learning_rate': 0.01, 'max_depth': 3, 'n_estimators': 200, 'subsample': 0.7}",-1009986.8662790698,-1009986.8662790698,0.0,4
9.054455757141113,0.0,0.01026296615600586,0.0,0.7,0.01,3,200,0.8,"{'colsample_bytree': 0.7, 'learning_rate': 0.01, 'max_depth': 3, 'n_estimators': 200, 'subsample': 0.8}",-1049256.308139535,-1049256.308139535,0.0,8
9.353174448013306,0.0,0.0077440738677978516,0.0,0.7,0.01,3,200,1.0,"{'colsample_bytree': 0.7, 'learning_rate': 0.01, 'max_depth': 3, 'n_estimators': 200, 'subsample': 1.0}",-1086383.7093023255,-1086383.7093023255,0.0,17
9.18250060081482,0.0,0.007571220397949219,0.0,0.7,0.01,3,300,0.7,"{'colsample_bytree': 0.7, 'learning_rate': 0.01, 'max_depth': 3, 'n_estimators': 300, 'subsample': 0.7}",-1123821.2732558139,-1123821.2732558139,0.0,30
9.101794242858887,0.0,0.0386044979095459,0.0,0.7,0.01,3,300,0.8,"{'colsample_bytree': 0.7, 'learning_rate': 0.01, 'max_depth': 3, 'n_estimators': 300, 'subsample': 0.8}",-1142790.3313953488,-1142790.3313953488,0.0,35
8.991106033325195,0.0,0.009467840194702148,0.0,0.7,0.01,3,300,1.0,"{'colsample_bytree': 0.7, 'learning_rate': 0.01, 'max_depth': 3, 'n_estimators': 300, 'subsample': 1.0}",-1179280.5174418604,-1179280.5174418604,0.0,58
9.016398906707764,0.0,0.030748605728149414,0.0,0.7,0.01,4,100,0.7,"{'colsample_bytree': 0.7, 'learning_rate': 0.01, 'max_depth': 4, 'n_estimators': 100, 'subsample': 0.7}",-1122970.2558139535,-1122970.2558139535,0.0,27
9.365651607513428,0.0,0.009911775588989258,0.0,0.7,0.01,4,100,0.8,"{'colsample_bytree': 0.7, 'learning_rate': 0.01, 'max_depth': 4, 'n_estimators': 100, 'subsample': 0.8}",-1119013.9825581396,-1119013.9825581396,0.0,25
7.744761228561401,0.0,0.004996776580810547,0.0,0.7,0.01,4,100,1.0,"{'colsample_bytree': 0.7, 'learning_rate': 0.01, 'max_depth': 4, 'n_estimators': 100, 'subsample': 1.0}",-1121914.2732558139,-1121914.2732558139,0.0,26
9.091508150100708,0.0,0.007052421569824219,0.0,0.7,0.01,4,200,0.7,"{'colsample_bytree': 0.7, 'learning_rate': 0.01, 'max_depth': 4, 'n_estimators': 200, 'subsample': 0.7}",-998053.023255814,-998053.023255814,0.0,2
8.772112369537354,0.0,0.0061244964599609375,0.0,0.7,0.01,4,200,0.8,"{'colsample_bytree': 0.7, 'learning_rate': 0.01, 'max_depth': 4, 'n_estimators': 200, 'subsample': 0.8}",-1007284.0116279069,-1007284.0116279069,0.0,3
9.197311878204346,0.0,0.01908707618713379,0.0,0.7,0.01,4,200,1.0,"{'colsample_bytree': 0.7, 'learning_rate': 0.01, 'max_depth': 4, 'n_estimators': 200, 'subsample': 1.0}",-1020715.9127906977,-1020715.9127906977,0.0,6
7.051128387451172,0.0,0.004084348678588867,0.0,0.7,0.01,4,300,0.7,"{'colsample_bytree': 0.7, 'learning_rate': 0.01, 'max_depth': 4, 'n_estimators': 300, 'subsample': 0.7}",-1093976.7558139535,-1093976.7558139535,0.0,20
6.270063400268555,0.0,0.005215883255004883,0.0,0.7,0.01,4,300,0.8,"{'colsample_bytree': 0.7, 'learning_rate': 0.01, 'max_depth': 4, 'n_estimators': 300, 'subsample': 0.8}",-1090891.6395348837,-1090891.6395348837,0.0,19
8.165120363235474,0.0,0.005440473556518555,0.0,0.7,0.01,4,300,1.0,"{'colsample_bytree': 0.7, 'learning_rate': 0.01, 'max_depth': 4, 'n_estimators': 300, 'subsample': 1.0}",-1063138.965116279,-1063138.965116279,0.0,12
8.156227588653564,0.0,0.007269382476806641,0.0,0.7,0.01,6,100,0.7,"{'colsample_bytree': 0.7, 'learning_rate': 0.01, 'max_depth': 6, 'n_estimators': 100, 'subsample': 0.7}",-1127632.2093023255,-1127632.2093023255,0.0,31
8.527979612350464,0.0,0.006447792053222656,0.0,0.7,0.01,6,100,0.8,"{'colsample_bytree': 0.7, 'learning_rate': 0.01, 'max_depth': 6, 'n_estimators': 100, 'subsample': 0.8}",-1123632.6511627906,-1123632.6511627906,0.0,29
0.018517494201660156,0.0,0.0030775070190429688,0.0,0.7,0.01,6,100,1.0,"{'colsample_bytree': 0.7, 'learning_rate': 0.01, 'max_depth': 6, 'n_estimators': 100, 'subsample': 1.0}",-1136992.9302325582,-1136992.9302325582,0.0,34
0.035910844802856445,0.0,0.002857685089111328,0.0,0.7,0.01,6,200,0.7,"{'colsample_bytree': 0.7, 'learning_rate': 0.01, 'max_depth': 6, 'n_estimators': 200, 'subsample': 0.7}",-995362.9651162791,-995362.9651162791,0.0,1
0.03528642654418945,0.0,0.002910614013671875,0.0,0.7,0.01,6,200,0.8,"{'colsample_bytree': 0.7, 'learning_rate': 0.01, 'max_depth': 6, 'n_estimators': 200, 'subsample': 0.8}",-1015247.7674418605,-1015247.7674418605,0.0,5
0.035321712493896484,0.0,0.0031630992889404297,0.0,0.7,0.01,6,200,1.0,"{'colsample_bytree': 0.7, 'learning_rate': 0.01, 'max_depth': 6, 'n_estimators': 200, 'subsample': 1.0}",-1061709.7906976745,-1061709.7906976745,0.0,10
0.06407713890075684,0.0,0.0034956932067871094,0.0,0.7,0.01,6,300,0.7,"{'colsample_bytree': 0.7, 'learning_rate': 0.01, 'max_depth': 6, 'n_estimators': 300, 'subsample': 0.7}",-1077361.7325581396,-1077361.7325581396,0.0,15
0.06907010078430176,0.0,0.003481149673461914,0.0,0.7,0.01,6,300,0.8,"{'colsample_bytree': 0.7, 'learning_rate': 0.01, 'max_depth': 6, 'n_estimators': 300, 'subsample': 0.8}",-1089814.6279069767,-1089814.6279069767,0.0,18
0.06256866455078125,0.0,0.003985881805419922,0.0,0.7,0.01,6,300,1.0,"{'colsample_bytree': 0.7, 'learning_rate': 0.01, 'max_depth': 6, 'n_estimators': 300, 'subsample': 1.0}",-1048386.726744186,-1048386.726744186,0.0,7
0.01802659034729004,0.0,0.0032024383544921875,0.0,0.7,0.05,3,100,0.7,"{'colsample_bytree': 0.7, 'learning_rate': 0.05, 'max_depth': 3, 'n_estimators': 100, 'subsample': 0.7}",-1182538.3255813953,-1182538.3255813953,0.0,62
0.02083420753479004,0.0,0.0033440589904785156,0.0,0.7,0.05,3,100,0.8,"{'colsample_bytree': 0.7, 'learning_rate': 0.05, 'max_depth': 3, 'n_estimators': 100, 'subsample': 0.8}",-1198551.3372093022,-1198551.3372093022,0.0,75
0.02038097381591797,0.0,0.0032699108123779297,0.0,0.7,0.05,3,100,1.0,"{'colsample_bytree': 0.7, 'learning_rate': 0.05, 'max_depth': 3, 'n_estimators': 100, 'subsample': 1.0}",-1253603.25,-1253603.25,0.0,112
0.03548908233642578,0.0,0.004987478256225586,0.0,0.7,0.05,3,200,0.7,"{'colsample_bytree': 0.7, 'learning_rate': 0.05, 'max_depth': 3, 'n_estimators': 200, 'subsample': 0.7}",-1207951.8023255814,-1207951.8023255814,0.0,83
0.02768230438232422,0.0,0.0043222904205322266,0.0,0.7,0.05,3,200,0.8,"{'colsample_bytree': 0.7, 'learning_rate': 0.05, 'max_depth': 3, 'n_estimators': 200, 'subsample': 0.8}",-1246535.7906976745,-1246535.7906976745,0.0,103
0.030837297439575195,0.0,0.005281686782836914,0.0,0.7,0.05,3,200,1.0,"{'colsample_bytree': 0.7, 'learning_rate': 0.05, 'max_depth': 3, 'n_estimators': 200, 'subsample': 1.0}",-1312458.8895348837,-1312458.8895348837,0.0,158
0.042235374450683594,0.0,0.0046024322509765625,0.0,0.7,0.05,3,300,0.7,"{'colsample_bytree': 0.7, 'learning_rate': 0.05, 'max_depth': 3, 'n_estimators': 300, 'subsample': 0.7}",-1241321.308139535,-1241321.308139535,0.0,101
0.042391300201416016,0.0,0.003401517868041992,0.0,0.7,0.05,3,300,0.8,"{'colsample_bytree': 0.7, 'learning_rate': 0.05, 'max_depth': 3, 'n_estimators': 300, 'subsample': 0.8}",-1276837.5232558139,-1276837.5232558139,0.0,133
0.031220436096191406,0.0,0.0025768280029296875,0.0,0.7,0.05,3,300,1.0,"{'colsample_bytree': 0.7, 'learning_rate': 0.05, 'max_depth': 3, 'n_estimators': 300, 'subsample': 1.0}",-1358488.9825581396,-1358488.9825581396,0.0,183
0.03252243995666504,0.0,0.004369258880615234,0.0,0.7,0.05,4,100,0.7,"{'colsample_bytree': 0.7, 'learning_rate': 0.05, 'max_depth': 4, 'n_estimators': 100, 'subsample': 0.7}",-1147697.6569767443,-1147697.6569767443,0.0,36
0.023406267166137695,0.0,0.005037784576416016,0.0,0.7,0.05,4,100,0.8,"{'colsample_bytree': 0.7, 'learning_rate': 0.05, 'max_depth': 4, 'n_estimators': 100, 'subsample': 0.8}",-1185610.511627907,-1185610.511627907,0.0,63
0.03288888931274414,0.0,0.003515005111694336,0.0,0.7,0.05,4,100,1.0,"{'colsample_bytree': 0.7, 'learning_rate': 0.05, 'max_depth': 4, 'n_estimators': 100, 'subsample': 1.0}",-1193800.4127906978,-1193800.4127906978,0.0,72
0.03970623016357422,0.0,0.005273342132568359,0.0,0.7,0.05,4,200,0.7,"{'colsample_bytree': 0.7, 'learning_rate': 0.05, 'max_depth': 4, 'n_estimators': 200, 'subsample': 0.7}",-1209556.4476744186,-1209556.4476744186,0.0,85
0.05458831787109375,0.0,0.0033185482025146484,0.0,0.7,0.05,4,200,0.8,"{'colsample_bytree': 0.7, 'learning_rate': 0.05, 'max_depth': 4, 'n_estimators': 200, 'subsample': 0.8}",-1245433.3372093022,-1245433.3372093022,0.0,102
0.0521695613861084,0.0,0.0040700435638427734,0.0,0.7,0.05,4,200,1.0,"{'colsample_bytree': 0.7, 'learning_rate': 0.05, 'max_depth': 4, 'n_estimators': 200, 'subsample': 1.0}",-1255192.3662790698,-1255192.3662790698,0.0,115
0.08757948875427246,0.0,0.005335330963134766,0.0,0.7,0.05,4,300,0.7,"{'colsample_bytree': 0.7, 'learning_rate': 0.05, 'max_depth': 4, 'n_estimators': 300, 'subsample': 0.7}",-1250396.5872093022,-1250396.5872093022,0.0,109
0.08069634437561035,0.0,0.005305051803588867,0.0,0.7,0.05,4,300,0.8,"{'colsample_bytree': 0.7, 'learning_rate': 0.05, 'max_depth': 4, 'n_estimators': 300, 'subsample': 0.8}",-1295298.4825581396,-1295298.4825581396,0.0,139
0.07239007949829102,0.0,0.012543439865112305,0.0,0.7,0.05,4,300,1.0,"{'colsample_bytree': 0.7, 'learning_rate': 0.05, 'max_depth': 4, 'n_estimators': 300, 'subsample': 1.0}",-1307800.5,-1307800.5,0.0,149
0.03191018104553223,0.0,0.004980325698852539,0.0,0.7,0.05,6,100,0.7,"{'colsample_bytree': 0.7, 'learning_rate': 0.05, 'max_depth': 6, 'n_estimators': 100, 'subsample': 0.7}",-1132459.1511627906,-1132459.1511627906,0.0,33
0.043978214263916016,0.0,0.0044405460357666016,0.0,0.7,0.05,6,100,0.8,"{'colsample_bytree': 0.7, 'learning_rate': 0.05, 'max_depth': 6, 'n_estimators': 100, 'subsample': 0.8}",-1190300.25,-1190300.25,0.0,69
0.030851364135742188,0.0,0.005877494812011719,0.0,0.7,0.05,6,100,1.0,"{'colsample_bytree': 0.7, 'learning_rate': 0.05, 'max_depth': 6, 'n_estimators': 100, 'subsample': 1.0}",-1115166.7093023255,-1115166.7093023255,0.0,24
0.11356735229492188,0.0,0.009691953659057617,0.0,0.7,0.05,6,200,0.7,"{'colsample_bytree': 0.7, 'learning_rate': 0.05, 'max_depth': 6, 'n_estimators': 200, 'subsample': 0.7}",-1199915.4767441861,-1199915.4767441861,0.0,78
0.10654616355895996,0.0,0.008861064910888672,0.0,0.7,0.05,6,200,0.8,"{'colsample_bytree': 0.7, 'learning_rate': 0.05, 'max_depth': 6, 'n_estimators': 200, 'subsample': 0.8}",-1273099.4069767443,-1273099.4069767443,0.0,132
0.08515048027038574,0.0,0.004674196243286133,0.0,0.7,0.05,6,200,1.0,"{'colsample_bytree': 0.7, 'learning_rate': 0.05, 'max_depth': 6, 'n_estimators': 200, 'subsample': 1.0}",-1171198.6744186047,-1171198.6744186047,0.0,54
0.13698244094848633,0.0,0.005479097366333008,0.0,0.7,0.05,6,300,0.7,"{'colsample_bytree': 0.7, 'learning_rate': 0.05, 'max_depth': 6, 'n_estimators': 300, 'subsample': 0.7}",-1246772.1802325582,-1246772.1802325582,0.0,104
0.12893462181091309,0.0,0.0045855045318603516,0.0,0.7,0.05,6,300,0.8,"{'colsample_bytree': 0.7, 'learning_rate': 0.05, 'max_depth': 6, 'n_estimators': 300, 'subsample': 0.8}",-1303669.5755813953,-1303669.5755813953,0.0,146
0.13196539878845215,0.0,0.004764080047607422,0.0,0.7,0.05,6,300,1.0,"{'colsample_bytree': 0.7, 'learning_rate': 0.05, 'max_depth': 6, 'n_estimators': 300, 'subsample': 1.0}",-1182385.3779069767,-1182385.3779069767,0.0,61
0.021634578704833984,0.0,0.003742218017578125,0.0,0.7,0.1,3,100,0.7,"{'colsample_bytree': 0.7, 'learning_rate': 0.1, 'max_depth': 3, 'n_estimators': 100, 'subsample': 0.7}",-1189703.3488372094,-1189703.3488372094,0.0,68
0.026432037353515625,0.0,0.006810903549194336,0.0,0.7,0.1,3,100,0.8,"{'colsample_bytree': 0.7, 'learning_rate': 0.1, 'max_depth': 3, 'n_estimators': 100, 'subsample': 0.8}",-1212175.546511628,-1212175.546511628,0.0,87
0.03038167953491211,0.0,0.006462812423706055,0.0,0.7,0.1,3,100,1.0,"{'colsample_bytree': 0.7, 'learning_rate': 0.1, 'max_depth': 3, 'n_estimators': 100, 'subsample': 1.0}",-1342002.715116279,-1342002.715116279,0.0,169
0.06622719764709473,0.0,0.0066776275634765625,0.0,0.7,0.1,3,200,0.7,"{'colsample_bytree': 0.7, 'learning_rate': 0.1, 'max_depth': 3, 'n_estimators': 200, 'subsample': 0.7}",-1204345.4186046512,-1204345.4186046512,0.0,79
0.06405830383300781,0.0,0.020071983337402344,0.0,0.7,0.1,3,200,0.8,"{'colsample_bytree': 0.7, 'learning_rate': 0.1, 'max_depth': 3, 'n_estimators': 200, 'subsample': 0.8}",-1249194.1279069767,-1249194.1279069767,0.0,106
0.0744476318359375,0.0,0.004570722579956055,0.0,0.7,0.1,3,200,1.0,"{'colsample_bytree': 0.7, 'learning_rate': 0.1, 'max_depth': 3, 'n_estimators': 200, 'subsample': 1.0}",-1388144.3023255814,-1388144.3023255814,0.0,201
0.10140156745910645,0.0,0.005947589874267578,0.0,0.7,0.1,3,300,0.7,"{'colsample_bytree': 0.7, 'learning_rate': 0.1, 'max_depth': 3, 'n_estimators': 300, 'subsample': 0.7}",-1272549.953488372,-1272549.953488372,0.0,131
0.09199070930480957,0.0,0.005113124847412109,0.0,0.7,0.1,3,300,0.8,"{'colsample_bytree': 0.7, 'learning_rate': 0.1, 'max_depth': 3, 'n_estimators': 300, 'subsample': 0.8}",-1332925.6744186047,-1332925.6744186047,0.0,164
0.0754547119140625,0.0,0.005500316619873047,0.0,0.7,0.1,3,300,1.0,"{'colsample_bytree': 0.7, 'learning_rate': 0.1, 'max_depth': 3, 'n_estimators': 300, 'subsample': 1.0}",-1394546.9011627906,-1394546.9011627906,0.0,205
0.03391146659851074,0.0,0.006135702133178711,0.0,0.7,0.1,4,100,0.7,"{'colsample_bytree': 0.7, 'learning_rate': 0.1, 'max_depth': 4, 'n_estimators': 100, 'subsample': 0.7}",-1157339.6104651163,-1157339.6104651163,0.0,40
0.04029107093811035,0.0,0.007138490676879883,0.0,0.7,0.1,4,100,0.8,"{'colsample_bytree': 0.7, 'learning_rate': 0.1, 'max_depth': 4, 'n_estimators': 100, 'subsample': 0.8}",-1237509.8313953488,-1237509.8313953488,0.0,96
0.04130077362060547,0.0,0.005358219146728516,0.0,0.7,0.1,4,100,1.0,"{'colsample_bytree': 0.7, 'learning_rate': 0.1, 'max_depth': 4, 'n_estimators': 100, 'subsample': 1.0}",-1272414.1686046512,-1272414.1686046512,0.0,130
0.07628417015075684,0.0,0.009033203125,0.0,0.7,0.1,4,200,0.7,"{'colsample_bytree': 0.7, 'learning_rate': 0.1, 'max_depth': 4, 'n_estimators': 200, 'subsample': 0.7}",-1189294.1046511629,-1189294.1046511629,0.0,67
0.08976578712463379,0.0,0.006212711334228516,0.0,0.7,0.1,4,200,0.8,"{'colsample_bytree': 0.7, 'learning_rate': 0.1, 'max_depth': 4, 'n_estimators': 200, 'subsample': 0.8}",-1308959.7412790698,-1308959.7412790698,0.0,150
0.07883906364440918,0.0,0.008168697357177734,0.0,0.7,0.1,4,200,1.0,"{'colsample_bytree': 0.7, 'learning_rate': 0.1, 'max_depth': 4, 'n_estimators': 200, 'subsample': 1.0}",-1357177.6802325582,-1357177.6802325582,0.0,181
0.1186513900756836,0.0,0.00992894172668457,0.0,0.7,0.1,4,300,0.7,"{'colsample_bytree': 0.7, 'learning_rate': 0.1, 'max_depth': 4, 'n_estimators': 300, 'subsample': 0.7}",-1264337.261627907,-1264337.261627907,0.0,122
0.1416308879852295,0.0,0.00939321517944336,0.0,0.7,0.1,4,300,0.8,"{'colsample_bytree': 0.7, 'learning_rate': 0.1, 'max_depth': 4, 'n_estimators': 300, 'subsample': 0.8}",-1377320.2529069767,-1377320.2529069767,0.0,196
0.14014053344726562,0.0,0.007341861724853516,0.0,0.7,0.1,4,300,1.0,"{'colsample_bytree': 0.7, 'learning_rate': 0.1, 'max_depth': 4, 'n_estimators': 300, 'subsample': 1.0}",-1407097.3372093022,-1407097.3372093022,0.0,209
0.06535983085632324,0.0,0.012715578079223633,0.0,0.7,0.1,6,100,0.7,"{'colsample_bytree': 0.7, 'learning_rate': 0.1, 'max_depth': 6, 'n_estimators': 100, 'subsample': 0.7}",-1199632.3720930233,-1199632.3720930233,0.0,77
0.07113885879516602,0.0,0.013667583465576172,0.0,0.7,0.1,6,100,0.8,"{'colsample_bytree': 0.7, 'learning_rate': 0.1, 'max_depth': 6, 'n_estimators': 100, 'subsample': 0.8}",-1285840.296511628,-1285840.296511628,0.0,137
0.10101985931396484,0.0,0.0053327083587646484,0.0,0.7,0.1,6,100,1.0,"{'colsample_bytree': 0.7, 'learning_rate': 0.1, 'max_depth': 6, 'n_estimators': 100, 'subsample': 1.0}",-1169904.1511627906,-1169904.1511627906,0.0,50
0.12902164459228516,0.0,0.005690813064575195,0.0,0.7,0.1,6,200,0.7,"{'colsample_bytree': 0.7, 'learning_rate': 0.1, 'max_depth': 6, 'n_estimators': 200, 'subsample': 0.7}",-1268658.7267441861,-1268658.7267441861,0.0,125
0.1750638484954834,0.0,0.006046295166015625,0.0,0.7,0.1,6,200,0.8,"{'colsample_bytree': 0.7, 'learning_rate': 0.1, 'max_depth': 6, 'n_estimators': 200, 'subsample': 0.8}",-1343304.4244186047,-1343304.4244186047,0.0,171
0.13252973556518555,0.0,0.00569605827331543,0.0,0.7,0.1,6,200,1.0,"{'colsample_bytree': 0.7, 'learning_rate': 0.1, 'max_depth': 6, 'n_estimators': 200, 'subsample': 1.0}",-1188643.191860465,-1188643.191860465,0.0,66
0.33947300910949707,0.0,0.006298542022705078,0.0,0.7,0.1,6,300,0.7,"{'colsample_bytree': 0.7, 'learning_rate': 0.1, 'max_depth': 6, 'n_estimators': 300, 'subsample': 0.7}",-1284262.1569767443,-1284262.1569767443,0.0,135
0.3231816291809082,0.0,0.0073394775390625,0.0,0.7,0.1,6,300,0.8,"{'colsample_bytree': 0.7, 'learning_rate': 0.1, 'max_depth': 6, 'n_estimators': 300, 'subsample': 0.8}",-1358390.5930232557,-1358390.5930232557,0.0,182
0.29303550720214844,0.0,0.0074462890625,0.0,0.7,0.1,6,300,1.0,"{'colsample_bytree': 0.7, 'learning_rate': 0.1, 'max_depth': 6, 'n_estimators': 300, 'subsample': 1.0}",-1194478.965116279,-1194478.965116279,0.0,73
0.044673919677734375,0.0,0.004904031753540039,0.0,0.8,0.01,3,100,0.7,"{'colsample_bytree': 0.8, 'learning_rate': 0.01, 'max_depth': 3, 'n_estimators': 100, 'subsample': 0.7}",-1166536.058139535,-1166536.058139535,0.0,47
0.03714394569396973,0.0,0.0039920806884765625,0.0,0.8,0.01,3,100,0.8,"{'colsample_bytree': 0.8, 'learning_rate': 0.01, 'max_depth': 3, 'n_estimators': 100, 'subsample': 0.8}",-1195161.784883721,-1195161.784883721,0.0,74
0.15935492515563965,0.0,0.0032453536987304688,0.0,0.8,0.01,3,100,1.0,"{'colsample_bytree': 0.8, 'learning_rate': 0.01, 'max_depth': 3, 'n_estimators': 100, 'subsample': 1.0}",-1205314.2906976745,-1205314.2906976745,0.0,80
0.036279916763305664,0.0,0.003233671188354492,0.0,0.8,0.01,3,200,0.7,"{'colsample_bytree': 0.8, 'learning_rate': 0.01, 'max_depth': 3, 'n_estimators': 200, 'subsample': 0.7}",-1083426.3604651163,-1083426.3604651163,0.0,16
0.03807663917541504,0.0,0.0031671524047851562,0.0,0.8,0.01,3,200,0.8,"{'colsample_bytree': 0.8, 'learning_rate': 0.01, 'max_depth': 3, 'n_estimators': 200, 'subsample': 0.8}",-1103751.034883721,-1103751.034883721,0.0,22
0.06574821472167969,0.0,0.0035533905029296875,0.0,0.8,0.01,3,200,1.0,"{'colsample_bytree': 0.8, 'learning_rate': 0.01, 'max_depth': 3, 'n_estimators': 200, 'subsample': 1.0}",-1114904.2558139535,-1114904.2558139535,0.0,23
0.09911346435546875,0.0,0.05809974670410156,0.0,0.8,0.01,3,300,0.7,"{'colsample_bytree': 0.8, 'learning_rate': 0.01, 'max_depth': 3, 'n_estimators': 300, 'subsample': 0.7}",-1218592.0930232557,-1218592.0930232557,0.0,88
0.07724952697753906,0.0,0.0035927295684814453,0.0,0.8,0.01,3,300,0.8,"{'colsample_bytree': 0.8, 'learning_rate': 0.01, 'max_depth': 3, 'n_estimators': 300, 'subsample': 0.8}",-1236527.1337209302,-1236527.1337209302,0.0,95
0.12639212608337402,0.0,0.007182598114013672,0.0,0.8,0.01,3,300,1.0,"{'colsample_bytree': 0.8, 'learning_rate': 0.01, 'max_depth': 3, 'n_estimators': 300, 'subsample': 1.0}",-1263621.1220930233,-1263621.1220930233,0.0,120
0.05552959442138672,0.0,0.005716562271118164,0.0,0.8,0.01,4,100,0.7,"{'colsample_bytree': 0.8, 'learning_rate': 0.01, 'max_depth': 4, 'n_estimators': 100, 'subsample': 0.7}",-1162920.308139535,-1162920.308139535,0.0,46
0.06685185432434082,0.0,0.0051081180572509766,0.0,0.8,0.01,4,100,0.8,"{'colsample_bytree': 0.8, 'learning_rate': 0.01, 'max_depth': 4, 'n_estimators': 100, 'subsample': 0.8}",-1160179.0290697673,-1160179.0290697673,0.0,42
0.06811237335205078,0.0,0.008119583129882812,0.0,0.8,0.01,4,100,1.0,"{'colsample_bytree': 0.8, 'learning_rate': 0.01, 'max_depth': 4, 'n_estimators': 100, 'subsample': 1.0}",-1149426.8837209302,-1149426.8837209302,0.0,38
0.0964348316192627,0.0,0.009698867797851562,0.0,0.8,0.01,4,200,0.7,"{'colsample_bytree': 0.8, 'learning_rate': 0.01, 'max_depth': 4, 'n_estimators': 200, 'subsample': 0.7}",-1063072.5523255814,-1063072.5523255814,0.0,11
0.08853960037231445,0.0,0.015485048294067383,0.0,0.8,0.01,4,200,0.8,"{'colsample_bytree': 0.8, 'learning_rate': 0.01, 'max_depth': 4, 'n_estimators': 200, 'subsample': 0.8}",-1060564.1802325582,-1060564.1802325582,0.0,9
0.1759176254272461,0.0,0.010643720626831055,0.0,0.8,0.01,4,200,1.0,"{'colsample_bytree': 0.8, 'learning_rate': 0.01, 'max_depth': 4, 'n_estimators': 200, 'subsample': 1.0}",-1095622.1802325582,-1095622.1802325582,0.0,21
0.3483097553253174,0.0,0.005336761474609375,0.0,0.8,0.01,4,300,0.7,"{'colsample_bytree': 0.8, 'learning_rate': 0.01, 'max_depth': 4, 'n_estimators': 300, 'subsample': 0.7}",-1186917.3837209302,-1186917.3837209302,0.0,64
0.20648503303527832,0.0,0.007198333740234375,0.0,0.8,0.01,4,300,0.8,"{'colsample_bytree': 0.8, 'learning_rate': 0.01, 'max_depth': 4, 'n_estimators': 300, 'subsample': 0.8}",-1191920.4593023255,-1191920.4593023255,0.0,70
0.21079468727111816,0.0,0.004472255706787109,0.0,0.8,0.01,4,300,1.0,"{'colsample_bytree': 0.8, 'learning_rate': 0.01, 'max_depth': 4, 'n_estimators': 300, 'subsample': 1.0}",-1175639.9767441861,-1175639.9767441861,0.0,57
0.06586551666259766,0.0,0.008238077163696289,0.0,0.8,0.01,6,100,0.7,"{'colsample_bytree': 0.8, 'learning_rate': 0.01, 'max_depth': 6, 'n_estimators': 100, 'subsample': 0.7}",-1173539.9593023255,-1173539.9593023255,0.0,56
0.06526780128479004,0.0,0.011023521423339844,0.0,0.8,0.01,6,100,0.8,"{'colsample_bytree': 0.8, 'learning_rate': 0.01, 'max_depth': 6, 'n_estimators': 100, 'subsample': 0.8}",-1170764.1860465116,-1170764.1860465116,0.0,52
0.04804062843322754,0.0,0.004596233367919922,0.0,0.8,0.01,6,100,1.0,"{'colsample_bytree': 0.8, 'learning_rate': 0.01, 'max_depth': 6, 'n_estimators': 100, 'subsample': 1.0}",-1172156.5988372094,-1172156.5988372094,0.0,55
0.21112465858459473,0.0,0.0038704872131347656,0.0,0.8,0.01,6,200,0.7,"{'colsample_bytree': 0.8, 'learning_rate': 0.01, 'max_depth': 6, 'n_estimators': 200, 'subsample': 0.7}",-1068188.0058139535,-1068188.0058139535,0.0,13
0.297130823135376,0.0,0.008387327194213867,0.0,0.8,0.01,6,200,0.8,"{'colsample_bytree': 0.8, 'learning_rate': 0.01, 'max_depth': 6, 'n_estimators': 200, 'subsample': 0.8}",-1070009.6046511629,-1070009.6046511629,0.0,14
0.1447594165802002,0.0,0.007531642913818359,0.0,0.8,0.01,6,200,1.0,"{'colsample_bytree': 0.8, 'learning_rate': 0.01, 'max_depth': 6, 'n_estimators': 200, 'subsample': 1.0}",-1123371.9941860465,-1123371.9941860465,0.0,28
0.259296178817749,0.0,0.00948786735534668,0.0,0.8,0.01,6,300,0.7,"{'colsample_bytree': 0.8, 'learning_rate': 0.01, 'max_depth': 6, 'n_estimators': 300, 'subsample': 0.7}",-1169556.6802325582,-1169556.6802325582,0.0,49
0.2087719440460205,0.0,0.012232780456542969,0.0,0.8,0.01,6,300,0.8,"{'colsample_bytree': 0.8, 'learning_rate': 0.01, 'max_depth': 6, 'n_estimators': 300, 'subsample': 0.8}",-1160868.5058139535,-1160868.5058139535,0.0,43
0.278156042098999,0.0,0.01490020751953125,0.0,0.8,0.01,6,300,1.0,"{'colsample_bytree': 0.8, 'learning_rate': 0.01, 'max_depth': 6, 'n_estimators': 300, 'subsample': 1.0}",-1127782.3313953488,-1127782.3313953488,0.0,32
0.046897172927856445,0.0,0.004098653793334961,0.0,0.8,0.05,3,100,0.7,"{'colsample_bytree': 0.8, 'learning_rate': 0.05, 'max_depth': 3, 'n_estimators': 100, 'subsample': 0.7}",-1272360.046511628,-1272360.046511628,0.0,129
0.04225349426269531,0.0,0.007120847702026367,0.0,0.8,0.05,3,100,0.8,"{'colsample_bytree': 0.8, 'learning_rate': 0.05, 'max_depth': 3, 'n_estimators': 100, 'subsample': 0.8}",-1271069.6860465116,-1271069.6860465116,0.0,127
0.0360872745513916,0.0,0.0031669139862060547,0.0,0.8,0.05,3,100,1.0,"{'colsample_bytree': 0.8, 'learning_rate': 0.05, 'max_depth': 3, 'n_estimators': 100, 'subsample': 1.0}",-1374417.9244186047,-1374417.9244186047,0.0,193
0.07083725929260254,0.0,0.01942753791809082,0.0,0.8,0.05,3,200,0.7,"{'colsample_bytree': 0.8, 'learning_rate': 0.05, 'max_depth': 3, 'n_estimators': 200, 'subsample': 0.7}",-1295177.8023255814,-1295177.8023255814,0.0,138
0.1409282684326172,0.0,0.01256251335144043,0.0,0.8,0.05,3,200,0.8,"{'colsample_bytree': 0.8, 'learning_rate': 0.05, 'max_depth': 3, 'n_estimators': 200, 'subsample': 0.8}",-1312250.9360465116,-1312250.9360465116,0.0,155
0.047301530838012695,0.0,0.009268045425415039,0.0,0.8,0.05,3,200,1.0,"{'colsample_bytree': 0.8, 'learning_rate': 0.05, 'max_depth': 3, 'n_estimators': 200, 'subsample': 1.0}",-1413789.3139534884,-1413789.3139534884,0.0,214
0.1637411117553711,0.0,0.008623361587524414,0.0,0.8,0.05,3,300,0.7,"{'colsample_bytree': 0.8, 'learning_rate': 0.05, 'max_depth': 3, 'n_estimators': 300, 'subsample': 0.7}",-1333276.4069767443,-1333276.4069767443,0.0,165
0.17770648002624512,0.0,0.007920026779174805,0.0,0.8,0.05,3,300,0.8,"{'colsample_bytree': 0.8, 'learning_rate': 0.05, 'max_depth': 3, 'n_estimators': 300, 'subsample': 0.8}",-1351046.9186046512,-1351046.9186046512,0.0,176
0.10001015663146973,0.0,0.012739181518554688,0.0,0.8,0.05,3,300,1.0,"{'colsample_bytree': 0.8, 'learning_rate': 0.05, 'max_depth': 3, 'n_estimators': 300, 'subsample': 1.0}",-1448376.6569767443,-1448376.6569767443,0.0,225
0.04853558540344238,0.0,0.0064165592193603516,0.0,0.8,0.05,4,100,0.7,"{'colsample_bytree': 0.8, 'learning_rate': 0.05, 'max_depth': 4, 'n_estimators': 100, 'subsample': 0.7}",-1254473.261627907,-1254473.261627907,0.0,114
0.053589582443237305,0.0,0.00744938850402832,0.0,0.8,0.05,4,100,0.8,"{'colsample_bytree': 0.8, 'learning_rate': 0.05, 'max_depth': 4, 'n_estimators': 100, 'subsample': 0.8}",-1251239.534883721,-1251239.534883721,0.0,110
0.04465651512145996,0.0,0.005779743194580078,0.0,0.8,0.05,4,100,1.0,"{'colsample_bytree': 0.8, 'learning_rate': 0.05, 'max_depth': 4, 'n_estimators': 100, 'subsample': 1.0}",-1253126.3313953488,-1253126.3313953488,0.0,111
0.12382888793945312,0.0,0.008654117584228516,0.0,0.8,0.05,4,200,0.7,"{'colsample_bytree': 0.8, 'learning_rate': 0.05, 'max_depth': 4, 'n_estimators': 200, 'subsample': 0.7}",-1271979.25,-1271979.25,0.0,128
0.08260369300842285,0.0,0.00597381591796875,0.0,0.8,0.05,4,200,0.8,"{'colsample_bytree': 0.8, 'learning_rate': 0.05, 'max_depth': 4, 'n_estimators': 200, 'subsample': 0.8}",-1297400.1569767443,-1297400.1569767443,0.0,142
0.10730743408203125,0.0,0.005702018737792969,0.0,0.8,0.05,4,200,1.0,"{'colsample_bytree': 0.8, 'learning_rate': 0.05, 'max_depth': 4, 'n_estimators': 200, 'subsample': 1.0}",-1316181.5290697673,-1316181.5290697673,0.0,161
0.11572122573852539,0.0,0.006958961486816406,0.0,0.8,0.05,4,300,0.7,"{'colsample_bytree': 0.8, 'learning_rate': 0.05, 'max_depth': 4, 'n_estimators': 300, 'subsample': 0.7}",-1314235.7093023255,-1314235.7093023255,0.0,159
0.13657808303833008,0.0,0.006855010986328125,0.0,0.8,0.05,4,300,0.8,"{'colsample_bytree': 0.8, 'learning_rate': 0.05, 'max_depth': 4, 'n_estimators': 300, 'subsample': 0.8}",-1344793.1773255814,-1344793.1773255814,0.0,172
0.16069436073303223,0.0,0.00955820083618164,0.0,0.8,0.05,4,300,1.0,"{'colsample_bytree': 0.8, 'learning_rate': 0.05, 'max_depth': 4, 'n_estimators': 300, 'subsample': 1.0}",-1367721.8255813953,-1367721.8255813953,0.0,188
0.06020975112915039,0.0,0.006914854049682617,0.0,0.8,0.05,6,100,0.7,"{'colsample_bytree': 0.8, 'learning_rate': 0.05, 'max_depth': 6, 'n_estimators': 100, 'subsample': 0.7}",-1253830.5058139535,-1253830.5058139535,0.0,113
0.06426763534545898,0.0,0.005896091461181641,0.0,0.8,0.05,6,100,0.8,"{'colsample_bytree': 0.8, 'learning_rate': 0.05, 'max_depth': 6, 'n_estimators': 100, 'subsample': 0.8}",-1255510.691860465,-1255510.691860465,0.0,116
0.07053494453430176,0.0,0.00903773307800293,0.0,0.8,0.05,6,100,1.0,"{'colsample_bytree': 0.8, 'learning_rate': 0.05, 'max_depth': 6, 'n_estimators': 100, 'subsample': 1.0}",-1153822.8895348837,-1153822.8895348837,0.0,39
0.1317133903503418,0.0,0.010677099227905273,0.0,0.8,0.05,6,200,0.7,"{'colsample_bytree': 0.8, 'learning_rate': 0.05, 'max_depth': 6, 'n_estimators': 200, 'subsample': 0.7}",-1297229.2906976745,-1297229.2906976745,0.0,141
0.10437321662902832,0.0,0.007859230041503906,0.0,0.8,0.05,6,200,0.8,"{'colsample_bytree': 0.8, 'learning_rate': 0.05, 'max_depth': 6, 'n_estimators': 200, 'subsample': 0.8}",-1310411.1279069767,-1310411.1279069767,0.0,153
0.12620162963867188,0.0,0.011527538299560547,0.0,0.8,0.05,6,200,1.0,"{'colsample_bytree': 0.8, 'learning_rate': 0.05, 'max_depth': 6, 'n_estimators': 200, 'subsample': 1.0}",-1179461.0755813953,-1179461.0755813953,0.0,59
0.20781540870666504,0.0,0.010839700698852539,0.0,0.8,0.05,6,300,0.7,"{'colsample_bytree': 0.8, 'learning_rate': 0.05, 'max_depth': 6, 'n_estimators': 300, 'subsample': 0.7}",-1312328.2558139535,-1312328.2558139535,0.0,157
0.24048280715942383,0.0,0.010002374649047852,0.0,0.8,0.05,6,300,0.8,"{'colsample_bytree': 0.8, 'learning_rate': 0.05, 'max_depth': 6, 'n_estimators': 300, 'subsample': 0.8}",-1315181.4389534884,-1315181.4389534884,0.0,160
0.25740694999694824,0.0,0.01817178726196289,0.0,0.8,0.05,6,300,1.0,"{'colsample_bytree': 0.8, 'learning_rate': 0.05, 'max_depth': 6, 'n_estimators': 300, 'subsample': 1.0}",-1182160.9186046512,-1182160.9186046512,0.0,60
0.056722402572631836,0.0,0.017793893814086914,0.0,0.8,0.1,3,100,0.7,"{'colsample_bytree': 0.8, 'learning_rate': 0.1, 'max_depth': 3, 'n_estimators': 100, 'subsample': 0.7}",-1208381.2674418604,-1208381.2674418604,0.0,84
0.03550124168395996,0.0,0.005963563919067383,0.0,0.8,0.1,3,100,0.8,"{'colsample_bytree': 0.8, 'learning_rate': 0.1, 'max_depth': 3, 'n_estimators': 100, 'subsample': 0.8}",-1303365.296511628,-1303365.296511628,0.0,145
0.044486045837402344,0.0,0.005702018737792969,0.0,0.8,0.1,3,100,1.0,"{'colsample_bytree': 0.8, 'learning_rate': 0.1, 'max_depth': 3, 'n_estimators': 100, 'subsample': 1.0}",-1359233.5755813953,-1359233.5755813953,0.0,184
0.11508464813232422,0.0,0.008165121078491211,0.0,0.8,0.1,3,200,0.7,"{'colsample_bytree': 0.8, 'learning_rate': 0.1, 'max_depth': 3, 'n_estimators': 200, 'subsample': 0.7}",-1206908.703488372,-1206908.703488372,0.0,81
0.0938258171081543,0.0,0.011077404022216797,0.0,0.8,0.1,3,200,0.8,"{'colsample_bytree': 0.8, 'learning_rate': 0.1, 'max_depth': 3, 'n_estimators': 200, 'subsample': 0.8}",-1299334.941860465,-1299334.941860465,0.0,143
0.06912708282470703,0.0,0.006205320358276367,0.0,0.8,0.1,3,200,1.0,"{'colsample_bytree': 0.8, 'learning_rate': 0.1, 'max_depth': 3, 'n_estimators': 200, 'subsample': 1.0}",-1399443.4709302327,-1399443.4709302327,0.0,207
0.10737180709838867,0.0,0.009193181991577148,0.0,0.8,0.1,3,300,0.7,"{'colsample_bytree': 0.8, 'learning_rate': 0.1, 'max_depth': 3, 'n_estimators': 300, 'subsample': 0.7}",-1267651.9476744186,-1267651.9476744186,0.0,123
0.1421205997467041,0.0,0.006333351135253906,0.0,0.8,0.1,3,300,0.8,"{'colsample_bytree': 0.8, 'learning_rate': 0.1, 'max_depth': 3, 'n_estimators': 300, 'subsample': 0.8}",-1353623.2732558139,-1353623.2732558139,0.0,178
0.1389157772064209,0.0,0.0056149959564208984,0.0,0.8,0.1,3,300,1.0,"{'colsample_bytree': 0.8, 'learning_rate': 0.1, 'max_depth': 3, 'n_estimators': 300, 'subsample': 1.0}",-1392920.1511627906,-1392920.1511627906,0.0,204
0.05343008041381836,0.0,0.006397247314453125,0.0,0.8,0.1,4,100,0.7,"{'colsample_bytree': 0.8, 'learning_rate': 0.1, 'max_depth': 4, 'n_estimators': 100, 'subsample': 0.7}",-1240891.1802325582,-1240891.1802325582,0.0,100
0.044814348220825195,0.0,0.007267951965332031,0.0,0.8,0.1,4,100,0.8,"{'colsample_bytree': 0.8, 'learning_rate': 0.1, 'max_depth': 4, 'n_estimators': 100, 'subsample': 0.8}",-1388377.6802325582,-1388377.6802325582,0.0,202
0.09684872627258301,0.0,0.007979869842529297,0.0,0.8,0.1,4,100,1.0,"{'colsample_bytree': 0.8, 'learning_rate': 0.1, 'max_depth': 4, 'n_estimators': 100, 'subsample': 1.0}",-1321614.988372093,-1321614.988372093,0.0,162
0.18864750862121582,0.0,0.015599966049194336,0.0,0.8,0.1,4,200,0.7,"{'colsample_bytree': 0.8, 'learning_rate': 0.1, 'max_depth': 4, 'n_estimators': 200, 'subsample': 0.7}",-1249309.3372093022,-1249309.3372093022,0.0,108
0.0937199592590332,0.0,0.006429910659790039,0.0,0.8,0.1,4,200,0.8,"{'colsample_bytree': 0.8, 'learning_rate': 0.1, 'max_depth': 4, 'n_estimators': 200, 'subsample': 0.8}",-1425117.761627907,-1425117.761627907,0.0,220
0.09487342834472656,0.0,0.00954127311706543,0.0,0.8,0.1,4,200,1.0,"{'colsample_bytree': 0.8, 'learning_rate': 0.1, 'max_depth': 4, 'n_estimators': 200, 'subsample': 1.0}",-1349822.8139534884,-1349822.8139534884,0.0,174
0.13590645790100098,0.0,0.013081073760986328,0.0,0.8,0.1,4,300,0.7,"{'colsample_bytree': 0.8, 'learning_rate': 0.1, 'max_depth': 4, 'n_estimators': 300, 'subsample': 0.7}",-1336485.8430232557,-1336485.8430232557,0.0,168
0.2181084156036377,0.0,0.011330366134643555,0.0,0.8,0.1,4,300,0.8,"{'colsample_bytree': 0.8, 'learning_rate': 0.1, 'max_depth': 4, 'n_estimators': 300, 'subsample': 0.8}",-1462210.5930232557,-1462210.5930232557,0.0,233
0.18013525009155273,0.0,0.009885787963867188,0.0,0.8,0.1,4,300,1.0,"{'colsample_bytree': 0.8, 'learning_rate': 0.1, 'max_depth': 4, 'n_estimators': 300, 'subsample': 1.0}",-1387450.3779069767,-1387450.3779069767,0.0,199
0.07209157943725586,0.0,0.007655620574951172,0.0,0.8,0.1,6,100,0.7,"{'colsample_bytree': 0.8, 'learning_rate': 0.1, 'max_depth': 6, 'n_estimators': 100, 'subsample': 0.7}",-1353576.8895348837,-1353576.8895348837,0.0,177
0.11326861381530762,0.0,0.017415761947631836,0.0,0.8,0.1,6,100,0.8,"{'colsample_bytree': 0.8, 'learning_rate': 0.1, 'max_depth': 6, 'n_estimators': 100, 'subsample': 0.8}",-1334983.296511628,-1334983.296511628,0.0,167
0.07093334197998047,0.0,0.007592678070068359,0.0,0.8,0.1,6,100,1.0,"{'colsample_bytree': 0.8, 'learning_rate': 0.1, 'max_depth': 6, 'n_estimators': 100, 'subsample': 1.0}",-1162607.1686046512,-1162607.1686046512,0.0,44
0.18843388557434082,0.0,0.0052509307861328125,0.0,0.8,0.1,6,200,0.7,"{'colsample_bytree': 0.8, 'learning_rate': 0.1, 'max_depth': 6, 'n_estimators': 200, 'subsample': 0.7}",-1368104.988372093,-1368104.988372093,0.0,190
0.18437528610229492,0.0,0.01062464714050293,0.0,0.8,0.1,6,200,0.8,"{'colsample_bytree': 0.8, 'learning_rate': 0.1, 'max_depth': 6, 'n_estimators': 200, 'subsample': 0.8}",-1362196.5639534884,-1362196.5639534884,0.0,185
0.14336800575256348,0.0,0.009896278381347656,0.0,0.8,0.1,6,200,1.0,"{'colsample_bytree': 0.8, 'learning_rate': 0.1, 'max_depth': 6, 'n_estimators': 200, 'subsample': 1.0}",-1168507.25,-1168507.25,0.0,48
0.25467348098754883,0.0,0.009248733520507812,0.0,0.8,0.1,6,300,0.7,"{'colsample_bytree': 0.8, 'learning_rate': 0.1, 'max_depth': 6, 'n_estimators': 300, 'subsample': 0.7}",-1376464.1162790698,-1376464.1162790698,0.0,194
0.3342297077178955,0.0,0.007451295852661133,0.0,0.8,0.1,6,300,0.8,"{'colsample_bytree': 0.8, 'learning_rate': 0.1, 'max_depth': 6, 'n_estimators': 300, 'subsample': 0.8}",-1365655.3430232557,-1365655.3430232557,0.0,186
0.18572044372558594,0.0,0.007230281829833984,0.0,0.8,0.1,6,300,1.0,"{'colsample_bytree': 0.8, 'learning_rate': 0.1, 'max_depth': 6, 'n_estimators': 300, 'subsample': 1.0}",-1170507.6482558139,-1170507.6482558139,0.0,51
0.03457975387573242,0.0,0.004927158355712891,0.0,1.0,0.01,3,100,0.7,"{'colsample_bytree': 1.0, 'learning_rate': 0.01, 'max_depth': 3, 'n_estimators': 100, 'subsample': 0.7}",-1222091.5058139535,-1222091.5058139535,0.0,89
0.06170058250427246,0.0,0.0056269168853759766,0.0,1.0,0.01,3,100,0.8,"{'colsample_bytree': 1.0, 'learning_rate': 0.01, 'max_depth': 3, 'n_estimators': 100, 'subsample': 0.8}",-1248791.3837209302,-1248791.3837209302,0.0,105
0.043647050857543945,0.0,0.012295246124267578,0.0,1.0,0.01,3,100,1.0,"{'colsample_bytree': 1.0, 'learning_rate': 0.01, 'max_depth': 3, 'n_estimators': 100, 'subsample': 1.0}",-1262817.3546511629,-1262817.3546511629,0.0,118
0.13153338432312012,0.0,0.007872343063354492,0.0,1.0,0.01,3,200,0.7,"{'colsample_bytree': 1.0, 'learning_rate': 0.01, 'max_depth': 3, 'n_estimators': 200, 'subsample': 0.7}",-1229351.9825581396,-1229351.9825581396,0.0,91
0.11305904388427734,0.0,0.007904052734375,0.0,1.0,0.01,3,200,0.8,"{'colsample_bytree': 1.0, 'learning_rate': 0.01, 'max_depth': 3, 'n_estimators': 200, 'subsample': 0.8}",-1249271.953488372,-1249271.953488372,0.0,107
0.07145500183105469,0.0,0.01656961441040039,0.0,1.0,0.01,3,200,1.0,"{'colsample_bytree': 1.0, 'learning_rate': 0.01, 'max_depth': 3, 'n_estimators': 200, 'subsample': 1.0}",-1264296.2180232557,-1264296.2180232557,0.0,121
0.18255305290222168,0.0,0.006464719772338867,0.0,1.0,0.01,3,300,0.7,"{'colsample_bytree': 1.0, 'learning_rate': 0.01, 'max_depth': 3, 'n_estimators': 300, 'subsample': 0.7}",-1344985.7994186047,-1344985.7994186047,0.0,173
0.10549378395080566,0.0,0.0061435699462890625,0.0,1.0,0.01,3,300,0.8,"{'colsample_bytree': 1.0, 'learning_rate': 0.01, 'max_depth': 3, 'n_estimators': 300, 'subsample': 0.8}",-1366968.7906976745,-1366968.7906976745,0.0,187
0.08379292488098145,0.0,0.005255699157714844,0.0,1.0,0.01,3,300,1.0,"{'colsample_bytree': 1.0, 'learning_rate': 0.01, 'max_depth': 3, 'n_estimators': 300, 'subsample': 1.0}",-1342401.261627907,-1342401.261627907,0.0,170
0.07469844818115234,0.0,0.011179447174072266,0.0,1.0,0.01,4,100,0.7,"{'colsample_bytree': 1.0, 'learning_rate': 0.01, 'max_depth': 4, 'n_estimators': 100, 'subsample': 0.7}",-1226661.0813953488,-1226661.0813953488,0.0,90
0.14461398124694824,0.0,0.005912065505981445,0.0,1.0,0.01,4,100,0.8,"{'colsample_bytree': 1.0, 'learning_rate': 0.01, 'max_depth': 4, 'n_estimators': 100, 'subsample': 0.8}",-1235164.1976744186,-1235164.1976744186,0.0,94
0.054512977600097656,0.0,0.011407136917114258,0.0,1.0,0.01,4,100,1.0,"{'colsample_bytree': 1.0, 'learning_rate': 0.01, 'max_depth': 4, 'n_estimators': 100, 'subsample': 1.0}",-1207249.0290697673,-1207249.0290697673,0.0,82
0.14009571075439453,0.0,0.0059316158294677734,0.0,1.0,0.01,4,200,0.7,"{'colsample_bytree': 1.0, 'learning_rate': 0.01, 'max_depth': 4, 'n_estimators': 200, 'subsample': 0.7}",-1193134.159883721,-1193134.159883721,0.0,71
0.13289427757263184,0.0,0.010059833526611328,0.0,1.0,0.01,4,200,0.8,"{'colsample_bytree': 1.0, 'learning_rate': 0.01, 'max_depth': 4, 'n_estimators': 200, 'subsample': 0.8}",-1188197.8662790698,-1188197.8662790698,0.0,65
0.10876607894897461,0.0,0.012778282165527344,0.0,1.0,0.01,4,200,1.0,"{'colsample_bytree': 1.0, 'learning_rate': 0.01, 'max_depth': 4, 'n_estimators': 200, 'subsample': 1.0}",-1211818.7470930233,-1211818.7470930233,0.0,86
0.1186213493347168,0.0,0.013242244720458984,0.0,1.0,0.01,4,300,0.7,"{'colsample_bytree': 1.0, 'learning_rate': 0.01, 'max_depth': 4, 'n_estimators': 300, 'subsample': 0.7}",-1312305.375,-1312305.375,0.0,156
0.17306041717529297,0.0,0.010805368423461914,0.0,1.0,0.01,4,300,0.8,"{'colsample_bytree': 1.0, 'learning_rate': 0.01, 'max_depth': 4, 'n_estimators': 300, 'subsample': 0.8}",-1284349.4505813953,-1284349.4505813953,0.0,136
0.17118191719055176,0.0,0.006589412689208984,0.0,1.0,0.01,4,300,1.0,"{'colsample_bytree': 1.0, 'learning_rate': 0.01, 'max_depth': 4, 'n_estimators': 300, 'subsample': 1.0}",-1283343.2412790698,-1283343.2412790698,0.0,134
0.057454824447631836,0.0,0.009043693542480469,0.0,1.0,0.01,6,100,0.7,"{'colsample_bytree': 1.0, 'learning_rate': 0.01, 'max_depth': 6, 'n_estimators': 100, 'subsample': 0.7}",-1232322.0290697673,-1232322.0290697673,0.0,92
0.10710644721984863,0.0,0.009082555770874023,0.0,1.0,0.01,6,100,0.8,"{'colsample_bytree': 1.0, 'learning_rate': 0.01, 'max_depth': 6, 'n_estimators': 100, 'subsample': 0.8}",-1259888.534883721,-1259888.534883721,0.0,117
0.0708770751953125,0.0,0.025975704193115234,0.0,1.0,0.01,6,100,1.0,"{'colsample_bytree': 1.0, 'learning_rate': 0.01, 'max_depth': 6, 'n_estimators': 100, 'subsample': 1.0}",-1262965.3488372094,-1262965.3488372094,0.0,119
0.10127067565917969,0.0,0.006352901458740234,0.0,1.0,0.01,6,200,0.7,"{'colsample_bytree': 1.0, 'learning_rate': 0.01, 'max_depth': 6, 'n_estimators': 200, 'subsample': 0.7}",-1158484.5261627906,-1158484.5261627906,0.0,41
0.25669431686401367,0.0,0.006690263748168945,0.0,1.0,0.01,6,200,0.8,"{'colsample_bytree': 1.0, 'learning_rate': 0.01, 'max_depth': 6, 'n_estimators': 200, 'subsample': 0.8}",-1198592.4186046512,-1198592.4186046512,0.0,76
0.17942452430725098,0.0,0.0066034793853759766,0.0,1.0,0.01,6,200,1.0,"{'colsample_bytree': 1.0, 'learning_rate': 0.01, 'max_depth': 6, 'n_estimators': 200, 'subsample': 1.0}",-1240832.0872093022,-1240832.0872093022,0.0,99
0.23018598556518555,0.0,0.006395578384399414,0.0,1.0,0.01,6,300,0.7,"{'colsample_bytree': 1.0, 'learning_rate': 0.01, 'max_depth': 6, 'n_estimators': 300, 'subsample': 0.7}",-1296176.1220930233,-1296176.1220930233,0.0,140
0.28945374488830566,0.0,0.017232894897460938,0.0,1.0,0.01,6,300,0.8,"{'colsample_bytree': 1.0, 'learning_rate': 0.01, 'max_depth': 6, 'n_estimators': 300, 'subsample': 0.8}",-1239186.2209302327,-1239186.2209302327,0.0,97
0.1781015396118164,0.0,0.006789207458496094,0.0,1.0,0.01,6,300,1.0,"{'colsample_bytree': 1.0, 'learning_rate': 0.01, 'max_depth': 6, 'n_estimators': 300, 'subsample': 1.0}",-1232972.7761627906,-1232972.7761627906,0.0,93
0.07232356071472168,0.0,0.008270502090454102,0.0,1.0,0.05,3,100,0.7,"{'colsample_bytree': 1.0, 'learning_rate': 0.05, 'max_depth': 3, 'n_estimators': 100, 'subsample': 0.7}",-1387227.3343023255,-1387227.3343023255,0.0,198
0.03607535362243652,0.0,0.005743265151977539,0.0,1.0,0.05,3,100,0.8,"{'colsample_bytree': 1.0, 'learning_rate': 0.05, 'max_depth': 3, 'n_estimators': 100, 'subsample': 0.8}",-1395451.566860465,-1395451.566860465,0.0,206
0.08857345581054688,0.0,0.013031959533691406,0.0,1.0,0.05,3,100,1.0,"{'colsample_bytree': 1.0, 'learning_rate': 0.05, 'max_depth': 3, 'n_estimators': 100, 'subsample': 1.0}",-1412293.136627907,-1412293.136627907,0.0,213
0.13668012619018555,0.0,0.01977229118347168,0.0,1.0,0.05,3,200,0.7,"{'colsample_bytree': 1.0, 'learning_rate': 0.05, 'max_depth': 3, 'n_estimators': 200, 'subsample': 0.7}",-1389971.2441860465,-1389971.2441860465,0.0,203
0.08369016647338867,0.0,0.009854316711425781,0.0,1.0,0.05,3,200,0.8,"{'colsample_bytree': 1.0, 'learning_rate': 0.05, 'max_depth': 3, 'n_estimators': 200, 'subsample': 0.8}",-1423172.0697674418,-1423172.0697674418,0.0,218
0.08936810493469238,0.0,0.01836109161376953,0.0,1.0,0.05,3,200,1.0,"{'colsample_bytree': 1.0, 'learning_rate': 0.05, 'max_depth': 3, 'n_estimators': 200, 'subsample': 1.0}",-1450538.7325581396,-1450538.7325581396,0.0,226
0.10746097564697266,0.0,0.009825706481933594,0.0,1.0,0.05,3,300,0.7,"{'colsample_bytree': 1.0, 'learning_rate': 0.05, 'max_depth': 3, 'n_estimators': 300, 'subsample': 0.7}",-1411514.465116279,-1411514.465116279,0.0,212
0.12223625183105469,0.0,0.005785226821899414,0.0,1.0,0.05,3,300,0.8,"{'colsample_bytree': 1.0, 'learning_rate': 0.05, 'max_depth': 3, 'n_estimators': 300, 'subsample': 0.8}",-1442725.203488372,-1442725.203488372,0.0,222
0.10351967811584473,0.0,0.015479326248168945,0.0,1.0,0.05,3,300,1.0,"{'colsample_bytree': 1.0, 'learning_rate': 0.05, 'max_depth': 3, 'n_estimators': 300, 'subsample': 1.0}",-1459039.9244186047,-1459039.9244186047,0.0,229
0.05743694305419922,0.0,0.005406379699707031,0.0,1.0,0.05,4,100,0.7,"{'colsample_bytree': 1.0, 'learning_rate': 0.05, 'max_depth': 4, 'n_estimators': 100, 'subsample': 0.7}",-1386071.159883721,-1386071.159883721,0.0,197
0.08164358139038086,0.0,0.008016824722290039,0.0,1.0,0.05,4,100,0.8,"{'colsample_bytree': 1.0, 'learning_rate': 0.05, 'max_depth': 4, 'n_estimators': 100, 'subsample': 0.8}",-1374133.2441860465,-1374133.2441860465,0.0,192
0.08447813987731934,0.0,0.007798194885253906,0.0,1.0,0.05,4,100,1.0,"{'colsample_bytree': 1.0, 'learning_rate': 0.05, 'max_depth': 4, 'n_estimators': 100, 'subsample': 1.0}",-1304515.9854651163,-1304515.9854651163,0.0,147
0.1388232707977295,0.0,0.00748443603515625,0.0,1.0,0.05,4,200,0.7,"{'colsample_bytree': 1.0, 'learning_rate': 0.05, 'max_depth': 4, 'n_estimators': 200, 'subsample': 0.7}",-1409851.453488372,-1409851.453488372,0.0,211
0.09392404556274414,0.0,0.02090001106262207,0.0,1.0,0.05,4,200,0.8,"{'colsample_bytree': 1.0, 'learning_rate': 0.05, 'max_depth': 4, 'n_estimators': 200, 'subsample': 0.8}",-1418753.636627907,-1418753.636627907,0.0,216
0.11399316787719727,0.0,0.012366056442260742,0.0,1.0,0.05,4,200,1.0,"{'colsample_bytree': 1.0, 'learning_rate': 0.05, 'max_depth': 4, 'n_estimators': 200, 'subsample': 1.0}",-1309500.5523255814,-1309500.5523255814,0.0,151
0.1491999626159668,0.0,0.008517742156982422,0.0,1.0,0.05,4,300,0.7,"{'colsample_bytree': 1.0, 'learning_rate': 0.05, 'max_depth': 4, 'n_estimators': 300, 'subsample': 0.7}",-1488702.2732558139,-1488702.2732558139,0.0,240
0.167494535446167,0.0,0.008424520492553711,0.0,1.0,0.05,4,300,0.8,"{'colsample_bytree': 1.0, 'learning_rate': 0.05, 'max_depth': 4, 'n_estimators': 300, 'subsample': 0.8}",-1481902.8255813953,-1481902.8255813953,0.0,236
0.11471199989318848,0.0,0.008579492568969727,0.0,1.0,0.05,4,300,1.0,"{'colsample_bytree': 1.0, 'learning_rate': 0.05, 'max_depth': 4, 'n_estimators': 300, 'subsample': 1.0}",-1332885.8488372094,-1332885.8488372094,0.0,163
0.08563971519470215,0.0,0.0055980682373046875,0.0,1.0,0.05,6,100,0.7,"{'colsample_bytree': 1.0, 'learning_rate': 0.05, 'max_depth': 6, 'n_estimators': 100, 'subsample': 0.7}",-1422732.3604651163,-1422732.3604651163,0.0,217
0.09557342529296875,0.0,0.0061724185943603516,0.0,1.0,0.05,6,100,0.8,"{'colsample_bytree': 1.0, 'learning_rate': 0.05, 'max_depth': 6, 'n_estimators': 100, 'subsample': 0.8}",-1368905.2209302327,-1368905.2209302327,0.0,191
0.09987258911132812,0.0,0.008940458297729492,0.0,1.0,0.05,6,100,1.0,"{'colsample_bytree': 1.0, 'learning_rate': 0.05, 'max_depth': 6, 'n_estimators': 100, 'subsample': 1.0}",-1239595.363372093,-1239595.363372093,0.0,98
0.12883925437927246,0.0,0.013107538223266602,0.0,1.0,0.05,6,200,0.7,"{'colsample_bytree': 1.0, 'learning_rate': 0.05, 'max_depth': 6, 'n_estimators': 200, 'subsample': 0.7}",-1458478.5,-1458478.5,0.0,228
0.12875699996948242,0.0,0.024555206298828125,0.0,1.0,0.05,6,200,0.8,"{'colsample_bytree': 1.0, 'learning_rate': 0.05, 'max_depth': 6, 'n_estimators': 200, 'subsample': 0.8}",-1423305.6802325582,-1423305.6802325582,0.0,219
0.14142632484436035,0.0,0.005856752395629883,0.0,1.0,0.05,6,200,1.0,"{'colsample_bytree': 1.0, 'learning_rate': 0.05, 'max_depth': 6, 'n_estimators': 200, 'subsample': 1.0}",-1267698.7093023255,-1267698.7093023255,0.0,124
0.22786974906921387,0.0,0.008681058883666992,0.0,1.0,0.05,6,300,0.7,"{'colsample_bytree': 1.0, 'learning_rate': 0.05, 'max_depth': 6, 'n_estimators': 300, 'subsample': 0.7}",-1486509.4447674418,-1486509.4447674418,0.0,239
0.24277544021606445,0.0,0.008144140243530273,0.0,1.0,0.05,6,300,0.8,"{'colsample_bytree': 1.0, 'learning_rate': 0.05, 'max_depth': 6, 'n_estimators': 300, 'subsample': 0.8}",-1436998.0959302327,-1436998.0959302327,0.0,221
0.23695588111877441,0.0,0.007741689682006836,0.0,1.0,0.05,6,300,1.0,"{'colsample_bytree': 1.0, 'learning_rate': 0.05, 'max_depth': 6, 'n_estimators': 300, 'subsample': 1.0}",-1269935.2412790698,-1269935.2412790698,0.0,126
0.12495255470275879,0.0,0.012120962142944336,0.0,1.0,0.1,3,100,0.7,"{'colsample_bytree': 1.0, 'learning_rate': 0.1, 'max_depth': 3, 'n_estimators': 100, 'subsample': 0.7}",-1307520.8372093022,-1307520.8372093022,0.0,148
0.04116249084472656,0.0,0.005496501922607422,0.0,1.0,0.1,3,100,0.8,"{'colsample_bytree': 1.0, 'learning_rate': 0.1, 'max_depth': 3, 'n_estimators': 100, 'subsample': 0.8}",-1387584.1627906978,-1387584.1627906978,0.0,200
0.11253476142883301,0.0,0.010197639465332031,0.0,1.0,0.1,3,100,1.0,"{'colsample_bytree': 1.0, 'learning_rate': 0.1, 'max_depth': 3, 'n_estimators': 100, 'subsample': 1.0}",-1446520.4593023255,-1446520.4593023255,0.0,224
0.07467508316040039,0.0,0.006528615951538086,0.0,1.0,0.1,3,200,0.7,"{'colsample_bytree': 1.0, 'learning_rate': 0.1, 'max_depth': 3, 'n_estimators': 200, 'subsample': 0.7}",-1334390.4563953488,-1334390.4563953488,0.0,166
0.08366537094116211,0.0,0.007211208343505859,0.0,1.0,0.1,3,200,0.8,"{'colsample_bytree': 1.0, 'learning_rate': 0.1, 'max_depth': 3, 'n_estimators': 200, 'subsample': 0.8}",-1460828.5029069767,-1460828.5029069767,0.0,231
0.0558009147644043,0.0,0.0126953125,0.0,1.0,0.1,3,200,1.0,"{'colsample_bytree': 1.0, 'learning_rate': 0.1, 'max_depth': 3, 'n_estimators': 200, 'subsample': 1.0}",-1444947.703488372,-1444947.703488372,0.0,223
0.14734506607055664,0.0,0.006047248840332031,0.0,1.0,0.1,3,300,0.7,"{'colsample_bytree': 1.0, 'learning_rate': 0.1, 'max_depth': 3, 'n_estimators': 300, 'subsample': 0.7}",-1409240.328488372,-1409240.328488372,0.0,210
0.1338179111480713,0.0,0.008383750915527344,0.0,1.0,0.1,3,300,0.8,"{'colsample_bytree': 1.0, 'learning_rate': 0.1, 'max_depth': 3, 'n_estimators': 300, 'subsample': 0.8}",-1561588.7936046512,-1561588.7936046512,0.0,242
0.09819269180297852,0.0,0.0075855255126953125,0.0,1.0,0.1,3,300,1.0,"{'colsample_bytree': 1.0, 'learning_rate': 0.1, 'max_depth': 3, 'n_estimators': 300, 'subsample': 1.0}",-1485568.683139535,-1485568.683139535,0.0,238
0.05328559875488281,0.0,0.0053119659423828125,0.0,1.0,0.1,4,100,0.7,"{'colsample_bytree': 1.0, 'learning_rate': 0.1, 'max_depth': 4, 'n_estimators': 100, 'subsample': 0.7}",-1354002.2180232557,-1354002.2180232557,0.0,179
0.0833439826965332,0.0,0.012419700622558594,0.0,1.0,0.1,4,100,0.8,"{'colsample_bytree': 1.0, 'learning_rate': 0.1, 'max_depth': 4, 'n_estimators': 100, 'subsample': 0.8}",-1459443.183139535,-1459443.183139535,0.0,230
0.07588005065917969,0.0,0.006677865982055664,0.0,1.0,0.1,4,100,1.0,"{'colsample_bytree': 1.0, 'learning_rate': 0.1, 'max_depth': 4, 'n_estimators': 100, 'subsample': 1.0}",-1350300.636627907,-1350300.636627907,0.0,175
0.10818934440612793,0.0,0.007773399353027344,0.0,1.0,0.1,4,200,0.7,"{'colsample_bytree': 1.0, 'learning_rate': 0.1, 'max_depth': 4, 'n_estimators': 200, 'subsample': 0.7}",-1417369.284883721,-1417369.284883721,0.0,215
0.08646917343139648,0.0,0.007648944854736328,0.0,1.0,0.1,4,200,0.8,"{'colsample_bytree': 1.0, 'learning_rate': 0.1, 'max_depth': 4, 'n_estimators': 200, 'subsample': 0.8}",-1531321.6017441861,-1531321.6017441861,0.0,241
0.10238242149353027,0.0,0.008193492889404297,0.0,1.0,0.1,4,200,1.0,"{'colsample_bytree': 1.0, 'learning_rate': 0.1, 'max_depth': 4, 'n_estimators': 200, 'subsample': 1.0}",-1400351.0377906978,-1400351.0377906978,0.0,208
0.1493079662322998,0.0,0.008006811141967773,0.0,1.0,0.1,4,300,0.7,"{'colsample_bytree': 1.0, 'learning_rate': 0.1, 'max_depth': 4, 'n_estimators': 300, 'subsample': 0.7}",-1463173.9476744186,-1463173.9476744186,0.0,234
0.15846610069274902,0.0,0.008534908294677734,0.0,1.0,0.1,4,300,0.8,"{'colsample_bytree': 1.0, 'learning_rate': 0.1, 'max_depth': 4, 'n_estimators': 300, 'subsample': 0.8}",-1568448.7645348837,-1568448.7645348837,0.0,243
0.1137533187866211,0.0,0.005895137786865234,0.0,1.0,0.1,4,300,1.0,"{'colsample_bytree': 1.0, 'learning_rate': 0.1, 'max_depth': 4, 'n_estimators': 300, 'subsample': 1.0}",-1451776.9156976745,-1451776.9156976745,0.0,227
0.08618712425231934,0.0,0.008222341537475586,0.0,1.0,0.1,6,100,0.7,"{'colsample_bytree': 1.0, 'learning_rate': 0.1, 'max_depth': 6, 'n_estimators': 100, 'subsample': 0.7}",-1355325.534883721,-1355325.534883721,0.0,180
0.08952546119689941,0.0,0.006795644760131836,0.0,1.0,0.1,6,100,0.8,"{'colsample_bytree': 1.0, 'learning_rate': 0.1, 'max_depth': 6, 'n_estimators': 100, 'subsample': 0.8}",-1462199.0930232557,-1462199.0930232557,0.0,232
0.055094242095947266,0.0,0.005488395690917969,0.0,1.0,0.1,6,100,1.0,"{'colsample_bytree': 1.0, 'learning_rate': 0.1, 'max_depth': 6, 'n_estimators': 100, 'subsample': 1.0}",-1300530.6656976745,-1300530.6656976745,0.0,144
0.14776611328125,0.0,0.008370399475097656,0.0,1.0,0.1,6,200,0.7,"{'colsample_bytree': 1.0, 'learning_rate': 0.1, 'max_depth': 6, 'n_estimators': 200, 'subsample': 0.7}",-1367795.0523255814,-1367795.0523255814,0.0,189
0.1211550235748291,0.0,0.010758399963378906,0.0,1.0,0.1,6,200,0.8,"{'colsample_bytree': 1.0, 'learning_rate': 0.1, 'max_depth': 6, 'n_estimators': 200, 'subsample': 0.8}",-1479543.0203488371,-1479543.0203488371,0.0,235
0.11928629875183105,0.0,0.010240554809570312,0.0,1.0,0.1,6,200,1.0,"{'colsample_bytree': 1.0, 'learning_rate': 0.1, 'max_depth': 6, 'n_estimators': 200, 'subsample': 1.0}",-1309805.4709302327,-1309805.4709302327,0.0,152
0.19811534881591797,0.0,0.004253387451171875,0.0,1.0,0.1,6,300,0.7,"{'colsample_bytree': 1.0, 'learning_rate': 0.1, 'max_depth': 6, 'n_estimators': 300, 'subsample': 0.7}",-1377167.9244186047,-1377167.9244186047,0.0,195
0.18282604217529297,0.0,0.005940437316894531,0.0,1.0,0.1,6,300,0.8,"{'colsample_bytree': 1.0, 'learning_rate': 0.1, 'max_depth': 6, 'n_estimators': 300, 'subsample': 0.8}",-1482745.0755813953,-1482745.0755813953,0.0,237
0.1746072769165039,0.0,0.007161617279052734,0.0,1.0,0.1,6,300,1.0,"{'colsample_bytree': 1.0, 'learning_rate': 0.1, 'max_depth': 6, 'n_estimators': 300, 'subsample': 1.0}",-1311898.9941860465,-1311898.9941860465,0.0,154
